timestamp,grade,name,response
5/21/2021 18:12:28,Sophomore (2023),Saumya Singhal,fiuahrgtihjwo someone did this thing
5/21/2021 18:12:28,Sophomore (2023),Saumya Singhal,fiuahrgtihjwo someone did this thing
5/21/2021 18:12:28,Sophomore (2023),Saumya Singhal,fiuahrgtihjwo someone did this thing
5/21/2021 18:12:28,Sophomore (2023),Saumya Singhal,fiuahrgtihjwo someone did this thing
5/21/2021 18:12:28,Sophomore (2023),Saumya Singhal,fiuahrgtihjwo someone did this thing
5/21/2021 18:12:28,Sophomore (2023),,fiuahrgtihjwo someone did this thing
5/21/2021 18:12:28,Sophomore (2023),Saumya Singhal,fiuahrgtihjwo someone did this thing
5/21/2021 18:12:28,Sophomore (2023),Saumya Singhal,fiuahrgtihjwo someone did this thing
5/21/2021 18:12:28,Sophomore (2023),,fiuahrgtihjwo someone did this thing
5/21/2021 18:12:28,Sophomore (2023),Saumya Singhal,fiuahrgtihjwo someone did this thing
5/21/2021 18:12:28,Sophomore (2023),Saumya Singhal,fiuahrgtihjwo someone did this thing
5/21/2021 18:12:28,Sophomore (2023),,fiuahrgtihjwo someone did this thing
5/21/2021 18:12:28,Sophomore (2023),Saumya Singhal,fiuahrgtihjwo someone did this thing
5/21/2021 18:12:28,Sophomore (2023),Saumya Singhal,fiuahrgtihjwo someone did this thing
5/21/2021 18:12:28,Sophomore (2023),,fiuahrgtihjwo someone did this thing
5/21/2021 18:12:28,Sophomore (2023),Saumya Singhal,fiuahrgtihjwo someone did this thing
5/21/2021 18:12:28,Sophomore (2023),Saumya Singhal,fiuahrgtihjwo someone did this thing
5/21/2021 18:12:28,Sophomore (2023),,fiuahrgtihjwo someone did this thing
5/21/2021 18:12:28,Sophomore (2023),Saumya Singhal,fiuahrgtihjwo someone did this thing